TeamID,TeamName,TeamAbbr
7047,Mugiwara,MUGI
7046,Bjor's Kittens,BJOR
7045,Salt and Vinegar,SALT
7044,Brolympics eSports,BROL
7043,sameROFLMAO,SAME
7042,Squishy and Friends,SQUI
7001,cismix,CISM
6994,wafflemakers,WAFF
6993,Dark Tempest,DARK
6992,CLB,CLB
6991,Rose,ROSE
6990,LFTval,LFTV
6989,Iconic,ICON
6986,Ex-Dallas Vendetta,EX-D
6982,Nine Esport,N9
6970,Take It Easy,TIE
6967,Homies Nexus,HNX
6963,Outplay Uprising,OE
6939,anythinglajustput,ANYT
6938,Looking for team,LFT
6937,TikTok Baddies,TIKT
6934,Minaweebs Money Crew,MINA
6931,RANK G,RANK
6928,swag and friends,SWAG
6927,Stim Beacon Boyz,STIM
6926,Froggers,FROG
6924,Just happy to be here,JUST
6923,Christians Rottweilers,CHRI
6922,Anime Super Soldiers,ANIM
6918,Rice Burrito,RICE
6917,Mustache Men,MUST
6916,Foxera & Friends,FOXE
6915,FragHunters,FRAG
6914,Vietnamese Curry,VIET
6913,The Unfortunate Five,THE
6912,Bully Hunters,BULL
6911,Team NAME,TEAM
6910,Juul Team 6,JUUL
6909,Showstoppers,SHOW
6908,Jays Finest,JAYS
6907,On The Way,ONT
6906,Yellow Submarines,YELL
6905,Bad Boy Crew,BAD
6904,Zero MarksMen Silver,ZMM.S
6903,Booster Seat Gaming,BOOS
6902,iwnl,IWNL
6899,Fallen5,F5
6879,Zenigma Alpha,ZENI
6878,GOODFOR1,GOOD
6866,RIT Orange,RIT
6865,Hot Thots,HOT
6864,Frag Ya Bag,FRAG
6859,Aspyre,ASP
6858,Trash Pandas,TRAS
6856,Icarus,ICAR
6848,Hugh Jass Construction,HUGH
6844,shiba n the homies,SHB
6817,ex-FLICKBAITERS,EX-FB
6807,W Key,W
6799,Goodfellas Gaming,GFS
6797,SENTHEX,SENT
6796,Proximity,PROX
6795,Betrayed's Fantasy Team,BETR
6782,Up Next,UPN
6779,Team Demiral Esports,M28
6776,The Meaps,MEAP
6750,Rebels Gaming,RBLS
6749,Fearless,FEAR
6748,ANYWAY,ANYW
6747,FTW Fade,FTW
6745,tba,TBA
6744,Zillenials,ZILL
6743,BWG,BWG
6742,Redteam Esport,REDT
6741,0 Training,0TR
6740,Palinka,PALI
6739,Socks up Nyx,SOCK
6738,5ynerG,5YNE
6737,Claquettes cahussettes,
6736,Sequenz,SEQU
6735,The Panic Team,THE
6734,MAFIOZI,MAFI
6733,Hayal Sahnesi Goddess,HAYA
6732,F4K Ladies,F4K
6729,Levitate,LEVI
6726,Crimas Disciples,CRIM
6724,Gaming Barracks,GAMI
6723,MLC Esports,MLC
6722,FuelCore,FC
6721,The Kor Kors,THE
6718,Huat Zai,HZ
6716,Go next,GN
6714,Team SGD,SGD
6707,Gifted,GIFT
6706,spongebob squarepants,SPON
6704,Burton n Friends,BURT
6703,Project02,PROJ
6683,Peek Performance,PEEK
6681,oogabooga,OOGA
6680,Echo Alternative,ECHO
6679,Disciples,DISC
6678,wasd fan club,WASD
6677,InControlNation,INCO
6675,The Guard,GRD
6674,Improve Female,IMPR
6672,Team ETT,TEAM
6671,Western Bulls,WSB
6669,Try eSports,TRY
6664,Oni Fans,ONI
6653,GunsForHire,GUNS
6651,ex-Limit,EX-L
6635,GiefKalash,GIEF
6629,Ungentium,UNGE
6624,INS4NE,INS4
6623,GGamDira,GGAM
6622,Team LuZi,TEAM
6621,Wyvern,WYVE
6620,iCEGunmandu,ICEG
6619,KGA,KGA
6618,VVS,VVS
6617,FUG,FUG
6616,레.스.고,레.
6615,이사가자,이사가자
6606,The Dush,THE
6601,New World,NEW
6593,Temp name,TEMP
6592,BIG BOY'S CLUB,BIG
6588,WLGaming Esports,WLGA
6586,Turgutlu Belediyesi Esports Ladies,TURG
6585,Title Chasers,TITL
6584,Team Q1,TEAM
6582,Socks Up,SOCK
6581,RAS,RAS
6580,Panthers Violet,
6579,MinD,MIND
6578,MALIBULULE,MALI
6577,LUNÈ Girls Gaming,LUNÈ
6576,Lithium,LITH
6575,LAPFAP,LAPF
6574,HEET RED,HEET
6573,Gamer In Real Life,GAME
6572,Friendlyfire,FRIE
6571,FireBaby Esports,FIRE
6570,Daycare,DAYC
6569,CLMRT,CLMR
6568,Bottom as always,BOTT
6567,Angel Wings,AW
6566,Besiktas Esports Female,
6565,BETA,BETA
6534,Fire Flux Young,FIRE
6533,Last Dance,LD
6530,G2 Gozen,G2
6529,Spectral Esports Purple,SPEC
6513,Big Bang,BIG
6512,Kraken ESC White,KESC
6500,Full Focus,FULL
6493,unsigned,UNSI
6492,HERO Esports,HERO
6491,Nation Fan Club,NFC
6490,Nerdnecks,NERD
6486,Nebula,NEB
6485,Steel Tactics,ST
6484,Tropinha do TIKTOK,TROP
6479,LilBabies,LILB
6478,ex-Serenity Black,EX-S
6477,Fear Legends,FL
6474,Weird Esports,WEIRD
6471,S8UL Esports,S8UL
6470,VLT Asteria,VLT
6469,VCTRY Esports,VCTRY
6466,Redragon,REDR
6462,TradeLikePros,TLP
6461,Akrew,AKRE
6460,LDN UTD,LDN
6458,ARDENT,ARDE
6457,4Fun,4FUN
6454,Eclectiq,ECLE
6451,Built By Gamers Academy,BBG.A
6446,Stunned5,S5
6445,123TAP,123T
6444,Team Eastern Europe,EE
6443,Team Benelux,BNLX
6442,Team CIS,CIS
6441,Team Nordics,NOR
6440,Team UK,UK
6439,Team Portugal,PT
6438,Team DACH,DACH
6437,Team Italy,IT
6436,Team Turkey,TR
6435,Team Poland,PL
6434,Team France,FR
6433,Team Spain,ES
6429,Team Assent,TEAM
6427,ExiLe Gaming,EXIL
6426,Dead Silence,DEAD
6425,DRMZ Esports,DRMZ
6424,Nascent United,NASC
6423,Cube Esports,CUBE
6422,Resonate,RESO
6419,Elysium,ELYS
6418,Actually Homeless,ACTU
6417,Fluid Gaming,FLUI
6414,Nigma Galaxy Female,NGX
6401,FOGUETE,FOGU
6397,Five Ace e-Sports,FA
6392,Eternal Fire,EF
6389,Bren Esports,BRN
6388,ValorsGG,VALO
6387,Bleed eSports,BLEED
6384,Clarity Esports,CL
6383,Fear Legends,FL
6381,Valstars Gaming Female,VALS
6379,Waverunners,WR
6378,F5,F5
6375,Most Prolific,MP
6373,Merlyn Esports Shine,MLS
6371,Zero Zone W,ZERO
6370,instalocked,IL
6369,Nebula,NEBU
6368,BBL Queens,BBL
6367,OtherSide Rouge,OTHE
6365,devils.one,DEVI
6364,Giants G4E,GIAN
6363,Frat3rnity,FRAT
6362,Fire Flux Esports Female,FF
6361,Aim from Kitchen,AIM
6360,Gamers of Future,GOF
6358,Unranked,UNRA
6357,Bnat Char9i,BNAT
6355,Renaissance,RENA
6354,E-Natolian Sports Club F,E-NA
6353,THE ORIGINALS,ORG
6352,Bonk Babes,BONK
6351,Lapki,LAPK
6350,Team Singularity Female,SNG
6349,Istanbul Wildcats Female,ISTA
6348,Galakticos Sirens,GALA
6347,Sad Girls,SAD
6346,ABB ASKI E-Spor WHITE,ABB
6343,MCES,MCES
6341,Monkey Momentum,MONK
6340,WATEr,WATE
6337,LITHUANIAN UNITED,LITH
6336,LUNARISs,LUNA
6331,ifyouhappy,IFYO
6317,Reformados,RM
6314,XSET Female,XSET
6313,KPI Gaming,KPI
6312,KOVA,KOVA
6304,E2S Lexious,E2S
6302,New Order,NEO
6299,TGS aXe,TGS
6298,NBD Esports,NBD
6297,Team Punished,TEAM
6295,SMARACIS eSports Female,SES
6294,VersionX,VX
6292,Souldazz,SOUL
6291,Dewa United Esports V3,DEWA
6285,ONYX Purple,ONYX
6284,Anavrin Esports,ANAV
6283,Sanctity,SANC
6282,CC Angels,CCA
6281,Wanderlust,WAND
6280,Elysium NOIR,ELYS
6278,ILG JADE,ILG
6277,Castaways,CAST
6276,Lycus Empire Red,LYCU
6274,NMG Indigo,NMG
6273,Polaris,PLR
6270,Spain+China+Africa,SPAI
6267,One Breath Gaming,OBG
6266,Team Focus,TEAM
6265,+22,+22
6264,Zeta Gaming,ZETA
6263,Guild X,GUILD
6262,Nigma Galaxy,NGX
6256,MAD Army,MA
6241,Godset,GODS
6239,RVNS Esports,RVNS
6230,Team Lixa,LIXA
6213,Cloud9 Academy,C9A
6212,Activat3D Esports,A3D
6211,cowana Gaming,CG
6210,Futbolist Female,FUTB
6204,Nemesis,NEME
6202,UYU,UYU
6201,UnderDogs Gaming,UNDE
6200,Complexity GX3,GX3
6199,Team Secret,TS
6198,Knights Academy,PK.A
6196,MystiC,
6195,Team Galaga,GG
6194,Wizards Club,WIZ
6193,Geekay Esports,GK
6192,Trident Esports,TRIDENT
6191,NOM eSports,NOM
6187,Shaverma,SHAV
6185,Illusion,ILLU
6184,Team Finest Female,FNST.F
6173,Spot Up,SUP
6171,Pridestark Empire,PSRK
6170,The Silk Road,SILK
6164,Radiance,RAD
6155,mixenergy,MIXE
6149,Case Esports,CASE
6148,Project A,PROJ
6146,Team Rocket,TEAM
6145,Zealous,ZEAL
6144,The Mafia,THE
6141,The Goose House,TGH
6140,Tropa Suprema,TS
6139,19esports,19
6138,Rexpect eSports,REXP
6137,Morumbi,MORU
6135,Spanish Leftovers,SPAN
6134,Einheit,EINH
6132,İstanbul Wildcats,IW
6131,Dream Team,DREA
6127,Axolotl,AXOL
6126,Legacy Esports,LGC
6115,Grilled Cheese,GRIL
6110,Tactical Five,TACT
6108,Team 7AM,TEAM
6107,Legendary Donkey Destroyers,LEGE
6104,Windstorm,WIND
6094,ZHUQUE,ZHUQ
6093,Qing Jiu Club,Q9
6092,Regnum Carya Esports,REG
6091,Team NoM,NOM
6090,TSM Academy,TSM.A
6085,3BL Esports,3BL
6083,STELLAR,STEL
6079,Supermassive Blaze Female,SMBF
6056,TC Arise,ARS
6047,VERTEX,VRTX
6045,Lenny Time,LT
6028,Team Cohesion,TEAM
6026,FlamexSerenity,FLAM
6025,Rock Bottom,RB
6024,TENSTAR Nova,TEN
6021,Narly Narwhals,NARL
6020,Pho Real,PHO
6019,Green beans,GREE
6011,Breakout,BREA
6007,Serenity Black,SRN
6006,Newstar,NEWS
6005,1620 Kings,K16
6003,Team XO,XO
6001,OnlyFriends,ONLY
5998,SUS SquaD,SUS
5997,FS Esports,FS
5996,Pana.Rabbit,PANA
5995,PATATERA SQUAD,PS
5994,Somalia,SOMA
5993,FURY,FURY
5988,Phoenix,PHOE
5984,Y10.5,105
5976,Origin Sky,ORIG
5972,Team Ancients Female,TEAM
5963,Langit9,L9
5960,BEAST,BST
5954,Team Capalot,CAP
5944,Night Wings Gaming,NWG
5941,Stars Horizon Vênus,SHV
5936,Regal E-Sports,REGA
5932,Botafogo eSports,BTF
5931,Team Big BAAM,BAAM
5928,Onlyfans,ONLY
5924,FLICKBAITERS,FB
5923,Big Baller Brand,BIG
5922,Rated Gaming,RATE
5917,vanished,VANI
5907,Lexious Gaming,LG
5905,nA Whiff Masters,WM
5902,Crash Landin on You,CLOY
5900,Damaru Gaming,DG
5896,RedFire.Wasd Arena,RF
5895,Legion,LE
5890,DIVIZE,IVI
5859,Saplak,SAPL
5856,JustSoldiers,JUST
5854,LvL Up Esport,LVL
5843,Vexed Gaming,VEXED
5841,Magma,MAGM
5839,Time Out,TO
5834,Hoax,HOAX
5833,Double Vision,DV
5832,Zero MarksMen Black,ZMM.B
5829,Team Mystic,TM
5823,Anime Aimers,AA
5822,PSISTORM,PSIS
5821,All Around Savants,AAS
5819,Lobster Car,LC
5817,slime slats,SLIM
5816,pepecool,PEPE
5813,White Lotus,WL
5812,Damn I Love Fwogs,DILF
5811,What's going on,WHAT
5808,Method2Madness,M2M
5798,ArchiGoKill,ARCH
5772,Benchwarmers,BENC
5771,Bloodsport,BLOO
5684,Banditz,BAND
5679,Gydom Galva,GG
5673,YMG,YMG
5663,Funky Monkeys,FM
5654,Equipe,EQUI
5649,Fadee Gaming,FG
5638,VAC Kimchi,VAC
5615,HE Gaming,HG
5608,Brain And Friends,BRAI
5604,Celestial Violet,CELE
5603,Ahjin,AHJI
5602,STREET SHARKS,STRE
5601,Nightblood Gaming,NIGH
5596,FLu Esports,FLU
5587,Nerd Emoji,NERD
5565,Legion de Reconocimiento,LEGI
5550,PLATOON Belarus,PB
5549,Bay Area Vandals,BAV
5548,PXL Esports,PXL
5547,Bedel Ödeyenler,BEDEL
5546,Spain.dll,ES
5545,Project S,S
5544,Mama's Boys,MAMA
5543,BTR,BTR
5541,NXLG Academy,NXLGA
5523,BIG SCYTHE,BIGG
5504,O2 Gaming,O2
5495,GIVENCHY PARIS,GIVE
5494,volei e peteca,VOLE
5492,Renatus White,RTS
5491,UCFC Esports,UCE
5489,Cyber Skull Esports,CSE
5487,MoBuckets,MOBU
5482,Kowareta,KOWA
5476,Team Volpid,TEAM
5472,Peeposhy,PEEP
5470,ChatBanned,CHAT
5467,Oxxgen Esports,OXX
5461,Invictus Gaming,IG
5460,Rock Bottom,RB
5459,Varsity Club,VARS
5457,Valkyrie,VALK
5448,ZETA DIVISION,ZETA
5444,Bait Academy,BA
5443,KONE,KONE
5441,Anonymo Esports,ANON
5440,Good Fellas,GF
5439,Zelos,ZELO
5437,Table for 5,TABL
5436,Spectral Esports Purple,SPEC
5435,Nutrl,NUTR
5434,EZBake Clan,EZBA
5427,Need Sponsor,NEED
5426,The Infinity Esports,INF
5419,Z11,Z11
5413,UwU,UWU
5408,Saints,SAIN
5406,Stars Horizon,SH
5391,AXIBYTE ESPORTS,AXI
5389,5 Yung Drillas,5YU
5378,Innocent Cats Esports,ICE
5367,RD Esports,RDE
5366,Action PH,APH
5355,GochuGaru,CHU
5351,DFR,DFR
5349,Young&Old,YOUN
5348,PM,PM
5347,AGAiN,AGAI
5346,Alpha Six Gaming,ASG
5343,ELNiS Esports,EL
5342,Unknown,UK
5341,Zero Risk,ZR
5340,Straight Warfare,STRA
5339,oFby,OFBY
5337,Klaus,KU
5334,EGO Media,EGOM
5333,Clutch Jeans,CJ
5329,Water,WT
5328,TYPHOONS,TFN
5327,Team GMM,GMM
5326,Jujutsu,JUJU
5324,Fakezin de cria,FAKE
5321,Team Godzilla,TEAM
5319,Bingueiros,BING
5316,NOORG2.0,NO2
5314,Bonde da Loli Careca,BOND
5313,Big Frames,BF
5311,FAV gaming,FAV
5310,Fenerbahçe Esports,FB
5308,Unknownpros,UNKN
5305,Unique,UNIQ
5286,We Raise Blame,WR
5280,Schat'z,SCHA
5266,Mencari Tempat Berlabuh,MENC
5251,ez5,EZ5
5250,Karma,KGG
5248,Evil Geniuses,EG
5245,Rugrats,RUGR
5240,deathwish,DEAT
5239,East Hill,EAST
5238,STORM,STOR
5237,Organic Gamers,ORGA
5236,ATK Mode,ATK
5231,Parek v rohliku,PARE
5224,dotExE,DOTE
5220,The Goose House Lunar,TGHL
5214,CGN Esports,CGN
5213,Carpe Noctem,CN
5211,Carnos Arks,CARN
5210,Asteria Gaming,AG
5206,MeowMeow,MEOW
5200,Spanish Mix,
5199,Rhyno Esports,RHYN
5198,IceWolves Esports,ICEW
5196,Kolossus Academy,KOLO
5195,Monkey Stars,MONK
5194,Team Bachara,TEAM
5188,epic gaming,EPIC
5177,Geko Geko,GEKO
5159,Run it Back,RUN
5156,Storks Phalanx,SPX
5151,no name,NON
5148,Insomnia,INSM
5133,FARMERS,FARM
5129,Team Plague,TEAM
5117,Vieux Touristes,
5090,UnderDogs,UNDE
5085,The Future,THE
5073,notbuiltdif,NOTB
5052,Bonsoir,BONS
5043,Xplicit,XPLI
5039,Team Volted,TEVO
5038,YFP Gaming,YFP
5032,No Pressure,NP
5021,Born to win,BTW
5017,Aricat.Aresta,ARIC
5016,Oasis Gaming Aqua,OASI
5013,Galaxy Racer Female,GXR
5012,Odyssey Atlas,ODYS
5000,ORO Esports,ORO
4998,Collateral eSports,CES
4997,aaaa,AAAA
4996,Altered Edge,AE
4994,wicket berg,WB
4993,FW Esports,FW
4989,Pass Gaming,PASS
4987,Granjeros,GRAN
4982,Velox,VLX
4979,Dark Matter Purple,DARK
4977,Stealth,STEA
4976,Taipan Esports,TAIP
4975,Sewercats,SEWE
4971,Project CORE,CORE
4970,SwayGG,SWAY
4966,God Given,GOD
4965,Frail Males,FM
4964,Exotic,EXOT
4963,PEACE,PEAC
4960,unjobbed,UNJO
4958,ODDIK,ODK
4955,Predestinados,PRED
4953,Free Sign,FREE
4944,SALOH,SALO
4941,Seeker,SEEK
4940,Pioneers,KCP
4938,Obey Alliance,OBEY
4933,ARBIES,ARBI
4932,ASI,ASI
4931,Noxus Pro,
4930,Goats and Glory,GOAT
4928,OtherSide Blue,OTHE
4927,Jaguares Esports,JGG
4926,100emoji,100E
4924,24Haven,24/H
4923,Team X,X
4920,Moon Raccoons Black,MRB
4918,RTG eSports,RTG
4917,Take Flyte,TF
4915,Natus Vincere,NAVI
4914,RunDownMid,RUND
4913,DETONA Gaming,DG
4904,RevoadaVLR,REVO
4903,ROLO COMPRESSOR,ROLO
4900,Remember Me,RM
4899,Last Round Save,LRS
4897,VKNATA,
4895,Massive Physiques,MP
4894,Keyd Stars,VK
4893,Cynical,CNL
4892,Dewa VVV,DEWA
4891,SV Empire,SV
4890,No Org,NOO
4889,MishMash Gaming,MISH
4887,HitReg,HITR
4880,Synergy,SYN
4879,Boss Gold,BOG
4878,Reject$,R$
4877,Les Zinzins De Lespace,ZDL
4875,47 Gaming,47
4867,Last Minute,LAST
4864,OBSRV,OBSR
4860,DOMINUS,DOM
4857,MoreBetter,
4856,Polpette Di Carne,POLP
4855,Zeal Esports,ZLS
4853,Updraft,UPDR
4852,Cruzeiro Esports,CRZ
4851,TLP Monkies,TLP.M
4849,Chariot,CHAR
4847,Natural Selection,NATU
4846,Flying Pigs,
4845,Levitate,LEVI
4844,Aerstream Esports,AERS
4843,Hysteria,HYST
4839,Beyond Infinity,BEYO
4838,FC,FC
4837,Shopify Rebellion,SR
4836,Wanderers Esports,SWE
4835,Rebirth Esports,REBI
4832,ROG Academy,ROG
4829,Team Valor,VL
4827,Fortnite Fraggers,FF
4826,B4 Angels,B4A
4823,Equinox Day,EQUI
4822,the gu krew,TGK
4820,OG4Z,OG4Z
4818,FIU,FIU
4817,Reborn,REBO
4811,SCYTES Esports,SCYT
4809,Team Exploit,TE
4808,Salt Esports,SALT
4807,Team Arrow,ARROW
4806,MAXD Esports,MAXD
4790,Equality,EQUA
4789,ex-Recon 5,EX-R5
4781,breskvice,BRES
4779,KASTIRALIS,KAST
4775,Native 2 Empire,N2E
4764,GOMA,GMG
4762,Galakticos,GAL
4759,ShanXi Gaming Girls,SXG
4751,driveBy,DRIV
4748,Xiphos Outplay,XIPH
4747,Mist Walkers,MIST
4746,Gunslingers,GUNS
4745,Zeusaberz Esports,ZEUS
4744,Lariox Esports,LARI
4743,VPG Headhunters,VPGHH
4742,MercenarieZ,MERC
4733,True Rippers,TR
4732,Team Moon,TEAM
4731,RGB Gaming,RGB
4730,QQQ,QQQ
4726,Mustang Gaming,MUSTANG
4709,Funee Monkee,FUNE
4699,Skelp Esports,SKEL
4697,OutRage,OUTR
4696,Surreal Esports,SURR
4695,Pigeons Esports,PIGE
4694,No Shot,NS
4693,Villains Esports,VLN
4692,HorizonGG,HGG
4688,Fenrir,FNR
4686,Fire Flux Esports,FF
4683,Invincible Gaming,INV
4681,Lethal Esports Alpha,LETH
4680,T69,T69
4675,Bifrost,BIFR
4672,FPL-C,FPL-
4671,EGN Esports,EGN
4670,WiLD MultiGaming,WILD
4669,Digital Athletics,DA
4667,Tropa Suprema,TROP
4665,Macacos Bovinos,MB
4664,Griffos Starfire,GRIF
4663,TENSTAR,TEN
4660,Sbread Gaming,SBRE
4658,Professional Malders,PROF
4648,Eros,EROS
4647,CoT,COT
4644,Leftovers,LEFT
4642,EXEN Esports,EXEN
4641,Rugrats,RUGR
4636,NoPoaching,PLS
4635,Kawaii,KAWA
4634,666,666
4632,FearSlay,FEAR
4624,Super Weenie Hut Jr's,
4623,Sandwich Eaters 40,SAND
4622,Team VS,TEAM
4621,Crypto Esports,CE
4620,Europe Savios,EURO
4619,FontanerosMaura,FONT
4618,iNSIGNED,INSI
4617,dATHITANS,DATH
4616,UCAM Esports Club,UCAM
4607,Just Breathe,JB
4603,GX3,GX3
4595,Bongos,BONG
4594,ZEN ONI,ZEN
4593,GunTeR,GTR
4591,Guardian Esports Team,GD
4590,XStealers,XSTE
4587,Spectral Esports Blue,SPEC
4579,WICKED,WICK
4575,POISON CLAN,POIS
4574,La7zag Esports,7SG
4568,M4LIK,M4LIK
4567,SuperMassive Blaze,SMB
4560,Unbind Crouch,UNBI
4553,Nexus Gaming,NXS
4550,NOTHING2LOSE,N2L
4548,Serenity Purple,SRN.P
4546,ITALIANO,ITAL
4545,Kraken,KRAK
4544,BANDYCI,BAND
4542,Fire Angels,FIRE
4538,Team Queso,TQ
4537,Renatus Black,RTS
4535,Foxy,FOXY
4534,Solar,
4532,ValorsGG,VALO
4531,Waifu Warriors,WAIF
4529,IlluZion,ILUZ
4527,SUPRMODE Gaming,SUPR
4525,Goofy Goobers,GG
4521,HATALANTE,HATA
4519,PURPURE,PURP
4518,AG,AG
4516,LOS VAGOS,LV
4515,Team Roquette,TEAM
4513,POWER,POWER
4512,PULSAR OLDSTARS,PULS
4511,Graviton Surge,GS
4509,Je t'aime de ouf,JT
4507,FC Pat Patrouille,FCP
4503,335 Cầu Giấy,335
4502,MEOGANG,MEOG
4499,SHOOT FOR FUN,S4F
4498,Damianos Esport,DAMI
4495,Vorpal Sword,VORP
4487,HG,
4481,RAIJIN,RAIJ
4480,Merry Men,MERR
4479,La Familia,LAF
4478,Injected Sheesh,
4477,Bewds Retirement Home,BRH
4475,Gen.G Black,GGB
4471,BK ROG Esports,BKROG
4470,MTP Esport,MTP
4468,McBTSMac,BTS
4466,MAX Esports,MAX
4465,DingFeng Gaming,DING
4464,ShanXi Gaming,SXG
4463,LIZHI,LIZHI
4462,NTER,NTER
4461,All Gamers,AG
4460,Number One Player,NOP
4458,Invictus Gaming Academy,IG
4456,Underdog,UNDE
4455,Third Impact,TI
4451,RYU Gaming,RYU
4447,Zero MarksMen,ZMM
4446,AREA,AREA
4443,Party Stool,PART
4441,Goblin Squadron,GS
4440,Frontline Esports,FRON
4437,Frick Ya Bag,FYB
4436,Take Flyte,TAKE
4435,TERROR.NET,TNET
4420,Tyrant Esports,TYR
4415,Rix.GG Lightning,RIX
4414,Casaless,CASA
4409,Jaguares Fem,JAGU
4406,Duck Gaming,DUCK
4401,Stars Horizon Fem,SH
4396,Regnum Carya Esports,REG
4394,Folouers Esports,FE
4392,1Tap Tavern,1TT
4391,Last Round Save,LRS
4388,Cosmic Divide,CD
4382,Last Round Save,LAST
4378,Frail Males,FRAI
4367,Icons,ICON
4366,Elmerz Glue,ELME
4364,zesty's money crew,ZEST
4363,DownBad,DOWN
4357,Invicta Gaming,IG
4356,Cruzados Esports,CRUZ
4355,Motion Team,MOTI
4353,ATROPELADOS,ATRO
4352,Polaris,POLA
4349,Cataclysm Team,CT
4347,Team Name,TEAM
4346,DarkZero Esports,DZ
4345,SoaR,SOAR
4340,el bdoon,ELB
4331,YAMAGAN,YMG
4330,Fancy United Esports,FU
4329,EGO,EGO
4328,5Ravens,5RS
4327,No Hope Gaming,NHG
4326,Steal Your Glory,SYG
4325,CERBERUS Esports,CES
4324,FEARUS,FEAR
4323,SBTC Esports,SBTC
4322,TiAMAT,TIA
4321,EndGame,END
4316,#1 Victory Royale,1VR
4315,Squirtle Squad,SQUI
4314,Want It Gaming,WANT
4313,Cracked and Dialed,CAD
4308,Down Two Earth,D2E
4307,UCF Valorant,UCF
4304,Project A,PROJ
4302,DaBaby Clan,DABA
4299,DNADIFF,DNAD
4298,Barely Acceptable,
4296,Bizarre Gaming,BZR
4295,UYU,UYU
4293,Oddyssey,ODDY
4284,University at Buffalo,UNIV
4282,Sum 2 Prove,S2P
4278,Intense Gaming,INT
4277,Team Reapers,TEAM
4273,Victory Formula,VF
4260,afterMath Esports,AFTE
4256,Thrifty,THRI
4251,Alpha Esports Pro,AE
4249,SIZDIM BEKLE,SB
4248,NONAMERS,NONA
4210,Made in Thailand,MITH
4205,DNA PEEK,DNA
4203,King's Gambit,KNG
4198,Benchwarmers,BENCH
4192,S2K,S2K
4189,fastmix,FAST
4188,FDP Login,FDP
4183,zytic esports,ZYTI
4180,Stuverance Esport,STUV
4173,Ovation eSports,OVAT
4155,GhostFamily E-Sports,GHOS
4154,Toh 'n' Friends,TOH
4153,JG.JIANG,JG.J
4152,THANATOS,THAN
4151,Bunker Esports,BUNK
4150,South Built Esports,SBE
4149,GD Esports Club,GDE
4141,WLGaming Esports,WLG
4137,Prinzen von Stuttgart,PRIN
4097,qz,QZ
4094,Six Karma,6K
4083,Memelanders,MEME
4079,OS GURI,OSG
4076,ex-Reveur/Team Phenix,EX-R
4075,T1 Academy,T1A
4074,Orgless,ORGL
4073,Bandits,BNDT
4059,Reckless Lads,RL
4050,FULL SENSE,FS
4049,Kikados da Galaxy Carrots,KIKA
4042,Wave Academy,WA
4041,VECA,VECA
4037,we dem boyz,WDB
4036,Team Bliss,BLISS
4033,Eshays,ESHA
4030,AUTOCRACY,AUTO
4026,Noble Experience,NOX
4025,Food Eat,FOOD
4019,Icicle Conflict,ICC
4016,Free Agents,FREE
4009,Tiimu Sagashitemasu,TS
4007,PACT,PACT
4000,rice and meatballs,R&AMPMB
3996,368,368
3994,Team BELEAGUERS,TEAM
3965,COUSINS,COUS
3952,DAT,DAT
3945,Rio Company,RIO
3944,Teal Seam,TS
3942,Meta Gaming,META
3933,sas elle,SAUCE
3932,atreus,ATRE
3929,Endavant,ENDA
3924,GrandSpirit,GRAN
3915,Average Joes,AVGJ
3908,Team BDS,BDS
3907,fReya,FR
3895,MackoEsports,MACK
3894,Dreamwalker,DREA
3888,Taunt,TAUN
3884,Voltage,VOLT
3881,Godalions,GODA
3879,Rhyno Esports,RHYN
3877,Dream Team,DREA
3862,Vacuumers,VACU
3861,Békéscsabai E-sport Egyesület,BEE
3836,1337va,1337
3832,Full Flashed,FF
3830,No Witness,NW
3822,Vertical Seven Esports,VERT
3821,TOOOLS esports,TOOOLS
3808,1280x960,4X3
3799,Moscow Five jr,M5
3793,Space Bound,SPAC
3792,Rock Bottom,RB
3791,Insight,INSI
3790,Chilling in Space,CHIL
3789,1337,1337
3785,cute fat boys,CUTE
3784,Saber,SABE
3780,The Noah Aiello,THE
3776,Admirals,ADMI
3772,Slaughter House,SLAU
3771,HEAD HUNTERS,HEAD
3768,FREELO,FREE
3766,South East Movement,SOUT
3765,OOKERS,OOKE
3764,mhm,MHM
3762,FBM,FBM
3759,Aggie Gaming at UC,AGGI
3758,FIU Valorant,FIU
3756,O.O.D.A Loopers,O.O.
3752,VESPA,VESP
3748,Team Reckaroo,TEAM
3734,Five Ace e-Sports,FA
3729,Illuzion Black,ILLU
3728,Lucky Boys,LUCK
3725,MORE Esports,MORE
3724,NEBULAA,NEBU
3718,SunSparks,SS
3717,Galaxy Racer,GXR
3714,Samurai Esports,SE
3711,F1LS Esports,F1LS
3710,Illuminar Gaming,IHG
3702,KJC eSports,KJC
3700,Shi Shui Wen,SSW
3698,Thailand Attitude,THAI
3692,Walküre,WKR
3691,Suradech Gaming,SDG
3689,2red,2RED
3686,Recon 5,RECO
3676,Keyd Stars Athenas,VK
3664,SEMORGAINDA,SEMO
3661,DAVR,DAVR
3653,ownage,OWNA
3652,Morph Impact,MORPH
3641,Art of Throwing,AOT
3635,gucciGANG,GUCC
3613,UndeRank,UR
3604,CE Calling,CEC
3597,Noble,NBL
3583,Watch This,WATC
3578,Man I Love Fwogs,MILF
3576,OWA OWA,OWA
3564,Moon Raccoons Black,MRB
3559,SeekingContract,SEEK
3558,4 lixo + Nikinho,4LI
3548,TSM X,TSM.X
3546,KPC Computer Studio,KPC
3545,CLG Red,CLG
3541,KLATWA,KLAT
3538,HOMELESS,HOME
3535,Lazarus,LZR
3531,Acend,ACE
3527,Piercer Esports,PER
3526,Cosmic Divide,COSM
3525,EXCEL,XL
3524,Timing Monster Gaming,TMG
3523,Titan Esports,TITA
3512,Sharks Esports,SHK
3510,fully,FULL
3505,Tengkorak,TKR
3504,DR Esports,DR
3503,Infinite Esports,INFI
3501,JG and friends,JGA
3500,Kinetic,KINE
3492,GBP Esports,GBP
3490,LP33,LP
3488,TGPA,TGPA
3487,TUMT,TUMT
3474,Orgless5,NORG
3457,BYE,BYE
3428,Cursed Team,CURS
3420,ESTEVANDOR,ESTE
3412,Alter Ego Celestè,AECL
3410,The Mafias EAID,THE
3408,Elo and Muscle,ENM
3407,Decisive,DCSV
3405,Wolfix Gaming,WG
3402,Nexus Gaming,NXS
3400,DIVAN,DIVA
3399,99Percent.,99PT
3396,Team Sinful,SFL
3393,AVEZ Esport,AVEZ
3384,BLUEJAYS Frates,BLUE
3383,Team Sprel,TEAM
3382,E9Sports,E9
3379,trying to win,TRYI
3371,Deja Vu,DEJA
3362,Dark Tigers,DTG
3361,SMARACIS eSports,SES
3349,Vendetta,VEN
3348,Orgless,OG
3347,Angry Titans,AT
3342,Gamelanders Purple,GLP
3340,Liberty Female,LF
3337,Team Basilisk,TB
3334,DOODAY,DOOD
3325,FlashDash,FLAS
3322,Border Monsters,BOM
3320,BE FUN SWORD,BEF
3315,Mujig 100su,100SU
3314,Hamtories,HAMT
3311,I need Girlfriend,ING
3303,volvo peek,VPK
3290,Extenzy Gaming,EXZ
3283,The Goose House,TGH
3279,Straight Outta The Zoo,SOTZ
3277,Friendlings,FL
3275,Hexad,HX
3274,Akella,AKEL
3268,XFlow Esports,XFLO
3261,Kafalar eSports,KFLR
3259,Unity Esports,UNIT
3250,Shingeki No Kyojin,SHIN
3223,REVOADINHA,REVO
3222,FREEAGENTS,FREE
3218,Stars Horizon,SH
3216,Liga Uncharted,LIGA
3214,Frick Ya Bag,FRIC
3209,Logan Paulers,LOGA
3208,On Top Soon,ONT
3204,Illuzion Orange,ILLU
3202,Windstorm,WIND
3193,Neebs and Weebs,NEEB
3187,Kooky Koalas,KK
3186,OW Refugees,OWR
3184,All Born to Clutch,ABC
3182,Wolfpack,WOLF
3180,Ghost CommandoS,GCS
3179,Anti Eco Eco Club,AEEC
3165,Goldencat Gaming,GOLD
3164,Not Ready,NOT
3157,Flat White,FLAT
3155,WOLFPACK,WP
3141,VVV,VVV
3136,Oasis Gaming,OAS
3132,ANARCHY,AR
3131,NO ORG,NOO
3129,Reven Esports,REVE
3128,5 Randoms,5RA
3127,CNG Esports,CNG
3125,Funkboings,FNK
3114,IVY,IVY
3112,TRAITORS,TTS
3107,Griffin E-Sports,GFN
3106,Looking For Sponsor,LOOK
3102,TTSH,TTSH
3086,Phenomenon,PHEN
3082,Lasagna Beam,LB
3079,Offlimits,OFF
3072,świeca,śWI
3068,MSR Esport,MSR
3065,animel,ANIM
3047,PointAndClick,POIN
3029,Invicta Gaming,IG
3023,Against All Odds,AAO
3019,chess on crack,CHES
3007,FlyMatez,FLYM
3004,Team Asteria,TEAM
2996,ShikouKouketsu,SK
2995,LFT,LFT
2993,Nanashi no Gonbee,74
2991,No Country,NOC
2988,NORTHEPTION,NTH
2987,Feeling,FEL
2986,SETOUCHI ENLIFE,STCE
2984,iXA,IXA
2983,Gaming Team SELECTOR,GTS
2981,cuties with cooties,CUTI
2980,raeB's Anime Club,RAEB
2977,Weeboo,WEEB
2975,Weeb Dream Team,WEEB
2974,PASSAROS DO AMORS,PASS
2973,MOTHERBOARD THIEVES,MOTH
2971,TLP & Friends,TLP
2970,PROJECT XY,PROJ
2969,Big Gains,BIG
2968,OWA OWA,OWA
2967,RAWR xD,RAWR
2966,The Better LG,THE
2965,OG,OG
2964,Ackerman Team,ACK
2957,The First Order,TFO
2956,Org Not Found,ORG
2952,Fulcrum Esports Catalyst,FEC
2950,ULVL,ULVL
2946,Slimy Boogermen,SLMY
2938,PUGSTARS,PUGS
2936,Project,PROJ
2934,FENNEL,FL
2933,MUYAHO,MYH
2932,nevermindgg,NVM
2930,noFEAR,NF
2925,Purple Cobras,PURP
2924,Moose Knucklers,MOOS
2921,Mantou,MANT
2919,Team FANGS,FNG
2917,Enigma Gaming,ENIGMA
2913,TempesT,TMP
2912,Nomads,NOMA
2910,Boca Boston,BB
2909,No Org Found,NOF
2908,Thunderbolts Gaming,TBG
2903,Team Aurora,AUR
2902,MNA ESPORTS,MNA
2900,Demon,DEMO
2897,FOXNGAME Esports,FOX
2896,CANAVARLAR,CNVR
2891,Trident Clan,TC
2867,paroXysme,PARO
2845,EZ KATKA,EZK
2839,jaba,JABA
2835,Ksenox,KSEN
2828,TinyTurtles,TT
2827,AGG,AGG
2826,Kanga Esports,KNG
2825,Grinch Gang,GG
2824,Exsto Gaming,EXG
2819,Entropiq,EIQ
2815,Version1,V1
2814,Bigetron Astro,BTR
2813,NO ORG,NOO
2811,FUSCA AZUL,FUSC
2810,Vammo E-Sports,VAMM
2809,Zanga7,ZANG
2808,LINGUISALESS,LING
2807,Urubuzada e-Sports,URUB
2806,GoNGo Prince,GNG
2805,Aquatik,AQUA
2802,Reformed,RFD
2801,IQ White,IQW
2800,GCU Esports,GCU
2799,Caught in 4k,CAUG
2794,NC State Esports,NCS
2793,Pure,PURE
2792,GamerDuderGuys,GAME
2787,ALL GAS NO BRAKES,ALL
2786,Shoguns,SHOG
2785,TAMU Maroon,TAMU
2784,ThiccWRECK,THIC
2781,S2,S2
2779,Amarok Esports,AMAR
2778,Java PR,JAVA
2776,LGI,LGI
2774,Lunch Club,LUNC
2770,SFG,SFG
2768,Ahlman Esports,AE
2766,Jesfrelho,JESF
2765,v0rteX 5,V0RT
2760,Valkyrie,VALK
2759,VZN,VZN
2755,SAW,SAW
2749,DreamFyre,DF
2747,ex-SV Empire,EX-S
2746,6045Pirates,PIR
2745,Exorcist.ESC,EXOR
2743,Terminate Esports,TERM
2742,OhMyGirl,OHMY
2741,AboveCloud,ABC
2734,ORGLESS5,OG5
2726,DeftFox,DFX
2725,Unsigned Losers,UL
2724,roughtimes,RT
2718,Hydrated,HYDRA
2707,Team SMOKER,TS
2687,eMonkeyz Club,EMZ
2685,Team Questionmark,TQM
2670,Ignite,IGN
2665,Lanboken,LB
2663,TauCeti,TCE
2649,playzone,PZ
2642,Patchwork,PW
2636,Ambitious,A
2635,TEMPO,TMP
2625,ALFA Esport,ALFA
2617,Sausage Party,SP
2607,Edelweiss Esports,EDW
2606,PÊEK Gaming,PÊEK
2605,Twin Esports,TWIN
2603,Synergy Esports,SYNE
2602,WALTEM Gaming,WALT
2600,Jaguares Esports,JAG
2598,NerdTown eSport,NT
2597,Black Bears,BLAC
2596,Malvinas Gaming,MALV
2594,Rodelindo Roman esports,RODE
2593,Fnatic,FNC
2591,In The Lab,INT
2588,HalfBliss,HALF
2586,Pug Gods,PUG
2577,Raise Your Edge,RYE
2573,Noir,NOIR
2571,Lunatic-Hai,LH
2569,Seniman Grooming,S8V
2568,Ethereal,ETHE
2567,Monkey Business,MB
2566,Ballista,BST
2565,swieca mix,SWIE
2564,BRACIA,BRAC
2563,onemoretime,ONEM
2562,HONK,HONK
2561,GOMA,GMG
2560,Team Diamond.R,TEAM
2559,SPEAR GAMING,SPG
2558,LFS,LFS
2557,Saviors,SAV
2556,Gehenna Sweepers,GHS
2555,LFT,LFT
2554,World Game Star,WGS
2552,Bulldozer Gaming,BDG
2550,Euphoria,EPA
2548,APEX PEOPLE,APEX
2546,Hamtori ZunDeZinx,HAM
2545,Fatality,FTL
2543,Physical,PY
2542,DAMWON Gaming,DWG
2539,RED Canids,RED
2538,Barrados Do Divine,BARR
2536,KG Network,KG
2533,Alliance,[A]
2532,Louvre,LVR
2531,Elevate,ELV
2529,Foxy,FOXY
2526,Zoomer Academy,ZA
2513,Broskis,BROS
2509,XIAO,XIAO
2508,EMPEROR,EMPE
2505,Looking For Org,LFO
2504,ex-Timing Monster Gaming,EXT
2502,ex-Phoenix1,XP1
2501,Team 7AM,7AM
2499,Movistar Riders,MRS
2498,Swagoi,SWAG
2492,NBKS CENTURIONS,NBKS
2491,asdf,ASDF
2487,MROrgless,MROR
2485,EthanK Fan Club,ETHA
2481,Waverunners,WAVE
2477,Aqua,AQUA
2476,D2E Gold,D2E
2472,Akuma Esports,AKUM
2470,Rated Gaming,RATE
2466,Elevation,ELE
2463,Big Backwoods,BIG
2462,Retake,RETA
2460,US Army Esports,USAE
2453,Sac State Hornets,SAC
2452,Deadlife,DEAD
2449,Pirate Nation,PIRA
2448,SLU Esports,SLU
2447,ExPandable,EXP
2445,ABC Boiz,ABC
2444,ATK Mode,ATK
2442,THE FIVE EMPERORS,THE
2440,Squad5,S5
2438,B4 eSports,B4
2437,favela aimers,FAVE
2436,FALTAM 2 MIN,FALT
2434,Mark Five,
2433,NOSLEEP,NOSL
2431,Typhoon,TP
2430,Agentes Livres,AGEN
2429,A SEITA,ASE
2428,SLICK,SLK
2426,seleção,
2416,Cyber Skull Esports,CSE
2408,HEET,HEET
2406,FURIA,FUR
2404,HOIIIIYAH,HOII
2403,NSIC,NSIC
2402,NeverDone,NEVE
2401,BLAHAJ,BLAH
2400,Dem Boys Cold,DBC
2398,Project X,PX
2397,Brotherhood of the Five,B5
2391,Mangal,MANG
2387,Angels,ANGE
2386,FYB v2,FYB
2385,Team Rumble,TEAM
2384,Techno Monks,TM
2383,Bounty Esports,BOUN
2382,Balanced Esports,BALA
2381,Boberts-Bugs-B-Gone,BOBE
2379,Radiant Roombas,RADI
2378,SUPER SQUAD,SUPE
2377,Brimstone Gaming,BRIM
2375,FrenzyGoKill,FGK
2373,Rix.GG Thunder,RIX
2370,eXiLe Academy,EXIL
2369,Entropy Gaming,ENTROPY
2368,Mixery,MIXE
2367,Pichon Bellaco,PICH
2366,Phinance G,PGT
2365,Buscando Org,BUSC
2364,Ryze Gaming,RYZE
2363,Pro Hub Gaming,PRO
2362,Skull Cracker,SKC
2360,Kaos Latin Gamers,KAOS
2359,Leviatán,LEV
2358,Stampede Gaming,STAM
2357,NoBordeR,NOBO
2356,Bencheados Academy,BENC
2355,KRÜ Esports,KRÜ
2354,Movistar Optix,MOX
2351,Warriors,WARR
2350,Soniqs,SQ
2348,VIRTUOSO,VRT
2347,Arcana,ARCA
2345,ÉPEGADINHA,ÉPE
2343,Rise Gaming,RISE
2341,Badmental Badgame,BB
2340,STAGA,STAGA
2339,Plore Gaming,PLOR
2337,IC9,IC9
2335,Aqualix,AQLX
2331,peanutz,PNUTZ
2330,Pit Stop,PS
2328,NUTURN,NU
2319,NoNamers,NNS
2318,Don't Even Ask,DEA
2317,5up,5UP
2315,Team Rocket,RCKT
2313,Lenovo Legion Honvéd,LLH
2312,ESTONOESUNJUEGOVALE,ESTO
2311,GRAZHtAS,GRAZ
2310,S2V Esports,S2V
2309,WDNO,WDNO
2308,Team Gravity,GV
2307,CISFAITH,CISF
2306,top500 and dog,TOP5
2304,Giants Gaming,GIA
2303,Lightning,LT
2302,Darkness,DARK
2298,ShockDart,SD
2297,Les Braqueurs,LB
2296,wesh guys,WG
2295,Chichaland,CHIC
2294,M1XXX,M1XX
2291,Ghost Gaming,GHOST
2290,GAMAX eSports,GMX
2289,MELiNA,MELI
2287,eUnited,EU
2286,ex-EXO Clan,EX-EXO
2272,Kalash,AK47
2271,Project !,P!
2270,Foxy Araikordai,FXG
2267,aim hor$e,AIM
2266,SwedishStyle,SWED
2263,BRAVOS GAMING,BRAV
2262,ZAM+4,ZAM+
2259,AU POINT,AUP
2258,badcovid,BADC
2257,BAR100LONA,BAR1
2256,leões da Ranked,LDR
2254,TREMBALA,TREM
2252,SLAMMING GEARS,SG
2249,Spotlight,SPL
2246,StarlessGG,STAR
2244,ANEW Esports,ANEW
2238,RIFLE CRUTCHERS,RC
2228,Dallas Vendetta,DV
2226,Poised,POIS
2223,RED5,R5
2214,On The Way,OTW
2213,SIGN US,SIGNUS
2211,Team Mahi,MAHI
2209,Headshot Percentage,HSP
2207,Snowmen,SNOW
2205,Zero MarksMen,ZMM
2202,OOKERS,OOKE
2198,One Shot Esports,OS
2196,NOT SNP,NSNP
2195,Borderline,BL
2194,Lethal Grinders,L3G
2193,UnSigned,UNSI
2192,Elite,ELIT
2191,Supremacy Gaming,SG
2190,HARD Esports,HARD
2189,Iconic,ICON
2188,mSpaz,MSPA
2187,calclub-p,CALC
2184,Hysteria,HYST
2181,Omni,OMNI
2180,Invicta,INV
2179,+W party,+WP
2178,PROJEKT RADIANT,PR
2176,Illés Akadémia Spirit,IAS
2171,Bleiz,BLEI
2167,Dontcare,DONT
2166,BananaBoys,BANA
2165,Aspire,ASPI
2161,Team Up,TEAM
2160,ZaPs Clan,ZAPS
2159,TheDuckArmy,THED
2155,Smooth Criminals,SMOO
2153,NOX,NOX
2152,Kaster Onez,KAST
2151,Kantic Gaming,KANTIC
2150,JustLose,JL
2147,FTG Esports,FTG
2146,Celeste,CLST
2144,ChillinWithFriends,CHIL
2143,PHARAONS,PHAR
2142,EZPZ,EZPZ
2141,Team Solace,TEAM
2139,303 Esports,303
2138,Divine,DV
2137,Sk8tr Boyz,SK8
2136,seeker,SEEK
2135,Ranked Stars,RS
2133,Marten Gaming,MG
2131,Chivas Esports,CHI
2130,Ah yeah gaming,AHY
2129,Mythicals,MYTH
2128,Carpe Noctem,CN
2127,Grind City,GC
2125,PffxD,PFFX
2124,MoneyTime,MONE
2121,VIIIJNIIIIIIIIIIIIIIIIII,VIII
2119,corgi,CORG
2118,TooManyQuestions,TMQ
2116,Yes mies,YES
2115,Thatoc Esports,TE
2114,Steel Tactics,ST
2113,ANKA E-Sports,ANKA
2112,X10 CRIT,X10C
2111,FFQ,FFQ
2110,Team SHIFT,SHIFT
2109,Sneaker Daily Meloner,SDM
2108,CNCI BLUE BEES,BB
2107,B Beasts,BB
2106,Team Mixwell,TEAM
2105,Team Influencer,TEAM
2103,Tale Quale,TQL
2102,Kungarna,KNG
2101,LAGOS,LAGO
2100,GMT Esports,GMT
2095,Team AsLanM4shadoW,ASLAN
2094,Team ardiis,ARDIIS
2093,Team RosieRiver,RR
2092,Team nookyyy,NKYY
2091,Team Davidp,DP
2090,Team vakk,VAKK
2088,Team ONSCREEN,ONSC
2087,Team cNed,CNED
2085,Team Fearoth,FEAR
2083,Team HyP,HYP
2076,M1X,M1X
2075,illusioń!,ILLSN
2071,Cave Canem,CAVE
2070,Prominence,PRM
2062,Kakaopulver,KAKA
2059,Team Vitality,VIT
2058,UBITEAM,UBI
2049,Divinity,DIVI
2048,Prodigy,PROD
2047,AFTERMIND,AM
2046,Amateur Team,AT
2045,LT,LT
2044,ex-Five Ace e-Sports,EX-F
2043,Team Z,Z
2042,LJG,LJG
2041,Team Happy,HPPY
2040,Team gob b,GOBB
2038,Team ScreaM,SCRM
2036,Besiktas Esports,BJK
2035,ehehxd,XD
2034,VISU Gaming,VISU
2033,Big Frames,BF
2032,ONIC G,ONIC
2031,KINGSLAYERS,KS
2030,ex-Reckless Lads,EX-R
2029,WAY Esports,WAY
2028,XTZ Esports,XTZ
2026,Arbalest,ABL
2019,LANCHILLERS,LANC
2017,Frostwolf,FW
2015,Gamerbots,GB
2012,Swag Silicone,SS
2011,ex-Serenity,EX-S
2009,All Victory Esports,AV
1998,Atletica Pro Gaming 9,A9
1996,99cents,99C
1995,Penguins of the night,PONI
1994,OG Esports,OGE
1991,Akave Esports,AKV
1990,IGNIS Esports,IGNIS
1989,Zwan Gaming,ZWAN
1988,Aracne Esports,Æ
1986,Team Samurai,TS
1985,Feint Gaming,FEIN
1982,DfuseTeam,DFUSE
1981,Dark Passage,DP
1980,Lightailty,LIGH
1979,b Tang,BTA
1970,TNL Esports,TNL
1969,Rebirth Esports,RE
1964,2G4L,2G4L
1958,tryouts,TRYO
1954,Inertia,INER
1951,Wulf Esports,WULF
1949,NoKap,NOKA
1948,Running Dogs,RUNN
1946,Zero Synergy White,ZS
1944,Excelsa,EXCE
1943,Beta Irons,BFE
1942,Team 600,600
1941,Boss Gold,BOG
1939,JMNY6,JMNY
1935,Affinity Esports,AFN
1934,ArkAngel,AA
1932,Hashira,HASH
1931,Chimaera,CHIM
1930,DFT Revitalize,DFT
1929,SR KADILIMAN,KDM
1928,AG.Nefarious,AG.N
1927,Bestial,BSTL
1926,SE ATLAS,SE
1924,NXP.Aether,NXP
1923,AlmondLatte,AL
1922,Vela Gaming,VELA
1921,Zero Synergy,ZS
1920,Las Venturas,LAS
1919,Kingsmen,KGM
1918,Soabh,SB
1917,Unsold Stuff Gaming,USG
1916,Ingaming,INGA
1915,NXL LIGAGAME,NXLG
1913,RARE Esports,RARE
1911,Imperial Esports,IMP
1910,Team Duelist,DUEL
1909,KnockOut Esports,KO
1903,YAZDA,YA
1901,BALANCED?,BALA
1898,Rating Greatly Decreased,RGD
1887,Furore Draco,FD
1882,ETERNAL,ETER
1875,ATRAVS,ATR
1867,Team Doggo,TD
1861,Madrid Rise,MADR
1856,Noobs With Attitude,NWA
1846,Bunkergg,BUNK
1837,Attacking Soul Esports,ASE
1831,LDM Esports,LDM
1830,Vorax,VORA
1826,INTZ Angels,ITZA
1821,h$666,H$66
1817,Prophecy ESC,PROP
1816,Circe,CIRC
1815,DrAgOnZz,DRAG
1810,Grow uP eSports,UP
1803,Gaming Barracks,GB
1802,Cakebois,CAKE
1800,Ovation eSports,OVAT
1798,thunderPEEK,THUN
1797,Necrotic Esports,NECR
1796,ECM FCG eSports,FCG
1795,Helios Gaming,HELI
1792,Novavirtus,NOVA
1791,FTW Esports,FTW
1788,Intrepid Fox,IF
1785,clownz,CLOW
1774,N4PAS,N4PA
1742,Exality,EXY
1737,InnerVoice,IV
1736,ex-FULL SENSE,EX-F
1735,THE SHABLES,SBL
1734,FIRST Gaming,FG
1733,LucidX,LX
1732,Novagis Gaming,NVG
1731,Nester,NSR
1728,Fast Rush,FR
1727,Elemental Esports,ELEM
1724,Apex,APEX
1723,Trouble Makers,TM
1715,down bad,DB
1709,Puggers Unite,PUGG
1706,The Clappening,CLAP
1705,5NOOBS,5N
1703,ZENITH,ZTH
1702,Grimz Esports,GRIM
1700,XcN Gaming,XCN
1698,ex-AING MAUNG Esports,EX-A
1696,Wildcard Gaming,WC
1695,Somnium Esports,SNM
1693,Athletico Zombies,ATHZ
1675,Zero Zone,ZZ
1673,QLASH Egypt,QLASH
1671,Exodus,EXOD
1670,F4Q,F4Q
1669,Able Esports,AE
1667,ex-Team Bliss,EX-T
1666,Onslaught Gaming,OG
1664,Epherium,EPHE
1663,Depth,DEPT
1662,Old Dudes,OD
1661,FUNSNATCHERS,FS
1657,Penguin Sledding,PS
1656,SOR,SOR
1655,Proven,PROV
1654,Archons,ARCH
1653,Team Front,TF
1652,Excel,EXCE
1650,KDA,KDA
1649,pick me up,PMU
1648,Shadow Life,SL
1646,LividOnes,LIVI
1645,Caffeine Fiends,CAFF
1642,NoPracc,NOPR
1641,Øutsiders,ØUT
1640,LE GAMING,LEG
1639,Flash and Dash,FD
1632,KHABHAT GAMING,KG
1626,NOX Esports,NOX
1621,ALCYONE,ALCY
1620,Allware,ALLW
1619,Catalyst Esports,CTL
1617,DevilDucks,DEVI
1615,Knights,PK
1603,NMDM,NMDM
1596,Alterfox Esports,ALTE
1594,Team Majesty,MAJESTY
1592,Fox Gaming,FOX
1591,Team Lightning,LNG
1589,SHHHHHHH!,SHHH
1580,feelmyhack,FEEL
1576,FiftyOne,FIFT
1575,Sekai,SEKA
1574,aspyxia,XIA
1573,4fan,4FAN
1558,John Howard,JH
1557,The Stream Team,TST
1556,Merge,MERG
1554,No Teeth,NOT
1553,-sheesh-,-SHE
1551,Constant rise,CONS
1550,Mik0nsDisciple,MIK0
1549,Acolarse,EZG
1548,Eternal Zen Gaming,EZG
1547,Creme brulee,CREM
1544,RosCey eSports,ROSC
1543,GGmate,GGMA
1539,mens)),MENS
1537,BLOKES,BLOK
1535,ODCINKA V2,V2
1533,Sprayz Gaming,SZG
1531,N0thing To L0se,NTL
1530,Digital Ninjas,DNJ
1528,NoNameG0Ds,NONA
1527,Offenders,OFFE
1520,Ice Donuts,ICE
1519,FFT,FFT
1518,InFernal,INFE
1514,DIRTY,DIRT
1512,Outlaws,OUTL
1506,Adept esport,AE
1498,ShadowzGG V2,SHAD
1497,The Box by Infinity Area,
1491,FARESHI,FRSH
1490,1stCav eSport Club,1STC
1489,bTitans,BTIT
1487,Las Palmas Unity,LPU
1485,Aricat Esport,ARC
1483,QConfirm,QC
1482,NongWaen,NW
1481,NG.Black,NG.B
1480,DreamSeller,DS
1475,Cool Guys,CG
1474,eSuba,ES
1471,Team RA'AD,RAAD
1470,NASR Esports,NASR
1469,Cairo City G'zzz,CCG
1466,Anubis Gaming,ANB
1464,YaLLa Esports,YALLA
1456,PENTA,PENT
1454,AYB Esports,AYB
1453,OtherSide,OS
1452,Mod-Z,MOD-
1451,Team CIS,CIS
1450,Team Nordics,NORD
1449,Team UK,UK
1448,Team Portugal,PT
1447,Team DACH,DACH
1446,Team Italy,IT
1445,Team Turkey,TR
1444,Team Poland,PL
1443,Team France,FR
1442,Team Spain,ES
1438,TRAMPET,TRAM
1437,Crew Esports,CREW
1436,Vital Force,VITA
1433,DEVOTEES,DEVO
1421,Chakalaka,AKA
1420,DiaXmix,DIAX
1417,THEX,THEX
1416,Nexus Gaming,NG
1415,GodVibes,GV
1414,SLO,SLO
1412,95x eSports,95X
1409,Wheels,WHEE
1406,Momentum Based,MB
1405,Shadownet,SN
1404,Fighting 4 Freedom,F4F
1387,CONCENTRA SOVA,CONC
1353,zazemlenie,ZAZE
1352,Dire Wolves,DW
1351,REPLY TOTEM,TTM
1349,GodLAN,GODL
1347,Nasty Ninjas,NN
1346,hREDS,HRED
1344,Prima Esport,PRIM
1342,Axsor,AX
1341,Team Singularity,SNG
1334,Team NoX,NOX
1331,BearClaw Gaming,BCG
1329,Fiat Lux,FIAT
1327,Feel So Good,FEEL
1325,Genuine Gaming,GG
1324,Air Raiders,AR
1323,Nebula,NEB
1320,Waterbottle,WB
1319,Funcrew,FC
1317,Team White,TW
1316,QLASH,QLSH
1314,ever.wc,EVER
1312,Slimy Boogermen,SLMY
1311,Galaxy Carrots,GALA
1310,ME CONTRATA,MEC
1309,Mix,MIX
1307,Sovereign,SOVE
1306,pokas ideia,POKA
1305,Sedated,SEDA
1303,Premier Esports,PREM
1302,Most Prolific,MOST
1301,Exotic,EXOT
1300,Last Round Save,LRS
1299,Obstacle,OBST
1298,PROJECT X,PROJ
1297,Sakura Storm,SS
1291,Roosters,ROO
1287,Vipes Anime Crew,VAC
1286,SAKS,SAKS
1283,Penn State University,PSU
1282,SHORTYKINGS,SK
1281,HotThots,HT
1280,Team Fight,TF
1279,NBP,NBP
1278,The Boys,TB
1277,Hello Kity,HK
1274,Orange Borange,OB
1273,steven edge le,STEV
1272,the boomzers,BOOM
1270,With the boiz,WTB
1269,Lycus Empire,LYCU
1268,OffLimits,OL
1267,Cloud9 White,C9W
1266,Jeremiah,JH
1262,OIL,OIL
1259,Dreamwalker,DRM
1256,Nice Cars,NCARS
1253,Eazy One Gaming,EZ1
1252,Emerald Gaming,EMD
1251,Guess,GUESS
1250,Winfinity,WFNT
1249,Decent Esports,DECE
1248,TradeLikePros Red,TLPR
1247,Dog Team Needs Club Org,DTNC
1246,DREAMLAND,DL
1245,TradeLikePros Gold,TLPG
1242,Illinois Servers Please,ISP
1240,Team Name,TN
1238,Designated,DESI
1237,Sangal Esports,SE
1235,MRKN,MRKN
1234,Team Sampi,SMP
1233,Italian Hope,IH
1232,VETERANOS e-Sports,VE
1231,BULLS Esports,BULL
1230,HaZe Clan,HAZE
1229,PARA LAZIM,PARA
1228,come next,COME
1224,Team Weibo,WEIBO
1211,Totoro Gaming,TOTORO
1209,Guild Esports,GUILD
1208,ORDER,ORDER
1207,Gravitas,GRV
1206,Legacy Esports,LGC
1204,Paratroops,PARA
1202,R!OT Gaming,R!OT
1192,YoungTalents,
1191,doneVAL,DONE
1190,MJAOMODE,MM
1189,eXiLe eSports,EXILE
1187,All Day Long,ADL
1186,zTitans,ZTIT
1184,Futbolist,FTBL
1182,Daytrade Gaming,DAYT
1181,ROC Team,ROC
1175,bref,BREF
1174,Yendez,YZ
1170,Stars,STAR
1167,4Q,4Q
1166,Time In,TI
1165,Santino,SANT
1164,Awake Esports,AE
1163,Arctic Gaming,AG
1159,eRa Eternity,ERA
1158,Intel New Indians,NEW
1156,LAETUS Gaming,LAET
1153,PROPARTY,PP
1152,Equinox Esports,NOX
1151,Team Empire,EMPIRE
1150,MAJSTERSZTYK,MSK
1148,CH1LL,CH1L
1146,Godlike Esports,GODL
1142,Nihil,NIH
1140,TUBEPLE Gaming,TBP
1139,BE INFAMOUS,BI
1137,team flavor,TEAM
1132,CoreNine Esports,CNE
1124,RED Canids,RED
1122,Vandal Only,VAND
1121,Infantry,INFA
1120,EDward Gaming,EDG
1119,All Gamers,ALL
1117,Grapefruit Techniques,GT
1116,SUPERFLY,SF
1113,Mandala,MAND
1111,MiTH.Streamer,MITH
1110,Alter Ego,AE
1108,LGD Gaming,LGD
1107,King of Gamers,KOG
1106,Overtime Esports,OTE
1105,Rugratz,RUG
1097,FlyToMoon,FTM
1096,Hope,HOPE
1091,Team 7AM,7AM
1090,Tarren Mill,TM
1087,Polarity Esports,PE
1082,Kamil Klein new chapter,KAML
1077,BDV,BDV
1074,200 Policemen,200P
1071,unsigned,UNSI
1066,NerdTown eSport,NT
1063,S2V Esports,S2V
1061,Rover,ROVE
1059,SeolHaeOne Prince,SP
1057,aNg DarkHorse,ANG
1056,SUMMIT's 탁아소,SST
1054,THE START W,TSW
1053,project_kr,PK
1049,re'born,REB
1035,Cream Real Betis,BTS
1034,NRG Esports,NRG
1033,Reckoning Esports,RGE
1030,Take Flyte,TF
1029,EGO BOYZ CLUB,EBC
1028,Wichita Wolves,WW
1026,Hollywood Hooliganz,HH
1025,ZFGaming,ZFG
1021,Vengeance,VNG
1020,CrowСrowd,СС
1019,fostercare,FC
1016,earnings: 0,EARN
1015,ARES Gaming,ARES
1012,avg25iq,25IQ
1011,ZEITGEIST,ZEIT
1010,Inside Games,IG
1008,Far East Society,FES
1007,Revolution,OVER
1006,unKnown,UNWN
1004,Blitz,BLIT
1003,Frigid,FRGD
1002,ex-Ravens Esports Club,EX-R
1001,Team Heretics,TH
994,Flow State,FS
993,Phoenix1,PHX1
992,Zootopia,ZOO
991,Exodus,EXODUS
989,LYNX TH,LYX
988,MUTED,MUTE
987,lvlUP,LVLU
986,euphoria,EUPH
985,Kum Gaming,KUM
984,Team Toxic,TT
983,Good Game,GOOD
982,Marten Gaming,MART
981,CR4ZY,CR4Z
980,Santiago Wanderers,SW
976,Orgles5,O5
974,Brave,BRV
970,Cicka123,CIC
969,Miracles,MCS
967,5MOKES,5M
966,153,153
965,Květinky,KVT
958,Reality Rift,RR
957,Kudos,KUDO
956,Pyronic,PYR
955,Las Vegas Inferno,LVI
954,Phantom Troupe,PT
952,Team Flux,FLUX
951,Tenacity Pro,TP
950,Ambush,AMB
949,Mystify,MYS
948,Team FYB,FYB
940,Team 2D,2D
935,Anatolia Esports,AES
932,random5,R5
929,Digital Athletics,DA
928,Team Invictus (India),INV
927,Thane Peek,THAN
926,Nezuko Gaming,NEZU
925,K/D Fixers,K/D
924,Drop Shot,DROP
923,Radiant Esports,RADI
922,Overt,OVER
921,Oxygen Esports,OXG
918,Global Esports,GE
916,xCeed,XCEED
914,Team Tamilas,TAM
913,Level 5,LVL5
912,Rebellious Gaming,SANE
911,RevX Necrosis,REVX
910,Exceeli Esports,XLE
908,Tales of Eastern,TOE
907,Suning Gaming,SN
905,KaiXin Esports,KX
904,CBT Gaming,CBT
900,WHITE TIGER,WHIT
891,NOORG2.0,NOOR
889,DELIRAWOW,DLWZK
887,novidades em breve,NOVI
885,NTER,NTER
882,FeaFeaFea,FEA
881,TIMETOPLAY,TTP
880,MiTH.Attitude,MITH
879,Todak,TODAK
878,Rex Regum Qeon,RRQ
877,Resurgence,RESU
876,Enterprise Esports,EP
875,G2G Esport,G2G
873,Tilted,TILT
872,Kraken ESC White,KESC
868,Noble India,NOBL
865,Paradox Esports,PRDX
864,Magic Five,M5
863,Notick,NOTI
862,that cool team,COOL
861,Mystery Inc.,INC.
860,Ground Zero,GZ
859,Akatsuki,AKAT
857,Cracked,CRAC
856,Andbox,ABX
853,Prism Esports,PRSM
850,ANBU Elite Gaming,ANBU
849,Armory Gaming,AG
846,Team Singapore,SG
845,Team Korea,KR
841,No2B e-Sports,N2B
839,NO CONTRACT,NOC
838,B4 eSports,B4
837,Serenity,SRN
836,DimmaDome$,DD$
832,alltheRAGE,ATR
831,McTeam,MC
829,PDHM Gaming,PDHM
827,Genesis,GEN
826,Team Untold,UNT
825,Team Turkey,TR
822,Team France,FR
821,Bloom,BM
819,Sailor Scouts,SS
818,GX3,GX3
816,Chick Fil Ayy,CFA
814,Hamboigas,HAMB
811,MAJKL,MJKL
809,eStar Gaming,ESTAR
808,Triumphant Song Gaming,TSG
805,ex-O2 Gaming,EX-O
804,Royal Never Give Up,RNG
801,AtmosFear,AF
800,Villainous,VIL
799,Velocity Gaming,VLT
797,God Particles,GP
795,Union Gaming,UG
793,Moon Raccoons,MR
792,tiobarão,TIOB
791,Gonzo Gaming,GONZ
790,Up For Sale,UFS
788,VASTA Gaming,VASTA
785,Catolica Esports,CATO
783,Dylema Gaming,DYLE
778,Wolves of Hell,WOLVES
777,Kaizen Esports,KZN
776,Janus Esports,JNS
756,ehehxd,XD
743,L8R Bot,L8R
741,GoAhead,GOAH
740,Sicko Mode,SICK
739,YUMPERIGO,YUMP
738,Dead Rabbits,DEAD
736,Eternal,ETER
735,PLAYMAKERS,PLAY
734,Avocados Team,AVOC
733,FS Gaming,FSG
732,EFuture,EF
731,TYLOO,TYLO
729,TopHard Esports,TH
726,MeT,MET
724,E-Xolos LAZER,EXL
722,FroztFire,FZF
721,DKS Esports,DKS
720,Bencheados,BENC
719,Australs,AUS
715,Pochinki Predators,PP
714,Builders,BLD
712,Wombocombo Team,WOMB
711,The Mandalorian,MAN
708,ciszej,HU1
703,Wizards Club,WIZ
702,STR99,STR99
700,COMETA TEAM,COM
697,Fekyx Esports,FEKY
695,HIGHPOWER,HPW
694,Bren Esports,BRN
689,Washington Muscle,WASH
686,Megastitut,MEGA
685,HSDIRR,HSDI
683,ZEROZONE,ZØ
682,Gambit Esports,GMB
681,SKADE,SKD
680,Kanga Esports,KNG
679,Aion Esports,AION
678,Event Horizon,EVH
676,Meta Gaming,META
675,LBS Esports,LBS
674,Spacestation Gaming,SSG
673,Team Finest,FNST
669,REVIVE,REVI
668,SUMN FC,SUMN
665,Onfire Team,ONFI
664,MUTANTS,MUT
662,Hajty,HAJTY
660,PAJACE,PJC
659,Dambis,DMB
658,Naura,NAURA
657,ROG Esport,ROG
656,Avant,AV
655,Project SW,PSW
654,ROX TEAM,ROX
652,Tek Gaming,TEK
651,Cloud9 Korea,C9KR
650,Connect Gaming,COG
648,VIMDOLOL,VIMD
647,Team 28,28
645,Procyon Team,PROCYON
644,Wygers Argentina,WYGERS
642,Luminosity,LG
641,Entropiq Bravo,ENTB
639,no org,
637,Rise,RISE
636,DETONA Gaming,DG
635,Hazmat.gg,HZT
634,30% BF,30BF
632,Dignitas,DIG
631,beastcoast,BC
628,FunPlus Phoenix,FPX
627,Team LZ,LZ
626,ex-Morph Team,EX-M
625,MOTV,MOTV
624,Paper Rex,PRX
623,Sharper Esport,SP
622,ex-Thailand Attitude,
621,KILOISDEAD,
620,Superdomineering,
619,Only One Word,OOW
618,fiVe,
617,Team SMG,SMG
616,tAfz,
614,T1 Korea,T1KR
610,ZyppanGoKill,ZGK
608,KABAHbl,KABA
606,BeeNinjas,BEEN
605,YourBunnyWrote,YOUR
604,Aim.Attack,AMT
595,AoeXe,AOEX
593,PLATOON,P2N
591,Mindfreak,MF
590,Fox Wizards,
587,Imposto é Roubo,
584,Furacão BLACK,FRB
583,Furacão RED,
582,Peaky Blankers,
581,Liberty,LBRTY
579,Entropiq,EIQ
577,NVM,NVM
576,iPon Esport,IPON
575,Eloquence,ELQ
574,SPARX Esports,SPAR
572,Bloom,
568,Pingu Gang,PG
567,VAC Kimchi,VAC
565,big pizza,
564,Team Crushed,
562,Inferno,INF
560,GRANIT GAMING,GRG
556,keepYOURskill,KY5
553,RainbowMind,RBM
548,Wygers,WYG
547,ex-Giants Gaming,EX-G
546,Project D,PD
545,ISOL-BULIL,IB
544,DualMedia Esports,
541,GoodVibes,GV
539,WanteD,
538,Pendragon Cyber,
537,Mandatory,
536,BAG8,BAG8
534,Second Wind,SW
533,XSET,XSET
529,Rix.GG,RIXGG
528,MIRONGA VIRUS,
527,Galaxy,
526,FAKEZIN,FAKE
523,Team Tixinha,TEAM
521,Les Farmers,
520,Virtue Gaming,
519,LOVEBUG,
517,Lunatic-Hai,LH
516,FAV gaming,FAV
514,Ark5,ARK5
513,BlackBird Ignis,BBI
511,FURY,FURY
510,No Mercy,NM
509,FA,
508,Crazy Hamster,CH
504,Totem Providence,TTM
502,Shiba,SHIB
501,LEGENDs,LDS
500,KappaPride,
497,Attack All Around,AAA
496,ahq e-Sports Club,AHQ
495,Fusion Fraggers,FF
494,Team666,TEAM
491,mercenaries,MERC
488,tyeasy,TYE
487,Dia De Los Muertos,
486,Vertexo,
485,Homeless,H/L
484,Pretty Boyz,PBZ
483,Morning Light,ML
482,A.S.M.R.,
480,Quickmath,QUIC
479,LULw,
478,Lunaris,LUNA
477,looking4org,L4O
476,Team Owl,
475,Team Quitooo,
474,Team Liquid,TL
473,Built By Gamers,BBG
472,BIG,BIG
471,Team Mang0,
470,Complexity,COL
468,Renegades,RNG
466,BOOM Esports,BME
456,BADARANTS,
455,Question Mark,QSM
454,FULLCS,
453,Vincit Gaming,
448,OSKARAVELHO,OSKA
444,defkon,
440,BigBrainDOGS,
439,Opportunists,OPP
438,Control,
437,Pillow,PL
436,Bantz,
435,OverPalaStrike,OPS
434,Team Launch,LAUNCH
433,COFFEE,COFF
432,Crab Walk Killers,CWK
431,unnamed,
429,1HP,1HP
427,Envy,NV
425,Team oNe,ONE
424,PiP PiP PiP,
423,Mamba Mode Gaming,MMG
422,NOTRAB,
421,Only-Esports,
420,Team Vikings,VKS
419,TERROR.NET,TERROR
418,Anuncie Aqui,ANA
417,Black Dragons,BD
416,exuLt.gg,
415,komand04ka,KOM4KA
413,Orbit,
412,Spectral,
409,Shawty Gamin',
408,Team123,TEAM
407,K1CK,
406,putsch,
405,VI VET MEST,
404,team cotch,TEAM
403,breadHUNTERS,
402,Headshot,
401,street's sentence,
400,flawless,FLAW
397,BBL Esports,BBL
395,Dawn of Stars,DOS
394,Apexis,
393,KOUD’KOUTO,
392,Carpet Cleaners,
388,DivisionX Gaming,DXG
387,QQQ Hasagi,QQQ
385,team xz,
382,Demon Time,DT
380,esoteric,
379,LOL,LOL
378,EXO Clan,EXO
377,bonk,BONK
374,Arctic Gaming Mexico,AGM
373,Rainbow7,RAIN
371,Atheris Esports,ATHE
368,Estral Esports,ESTRAL
367,9z Team,9Z
366,Infamous Gaming,INFA
363,Infinity Esports,INF
362,Rebirth Esports,REBI
361,Furious Gaming,FG
360,Undead Gaming,UNDE
359,clowns,CLWNS
355,Lankräm,LANK
354,5gg,
353,B7 Warriors,B7
352,Young and Beautiful,
351,Valorantaupe,
349,dont test our gangster,
348,CITRON CHIEN,
346,Simplicity Gaming,
344,Exalted Esports,
343,Eternity Esports,
342,Knights of Bizertin Rise,
339,Divine Vendetta,
337,FaZe Clan,FAZE
334,Bottom Fraggers,
333,Team Pan,
332,Team Calango,
331,Team Tom,
330,Anata,
328,100 Blifted,
327,5Dogs,
326,nolpenki,0.5
325,RATVI,
324,Wave Esports,WAVE
323,THOSE GUYS,TG
322,French Frogs,
321,Mattistack,
320,Team Turkey,
315,Lemonade Stand,LMND
308,Lazarus,
305,Interstate 95,INTE
302,Spot Up,SUP
296,Space Cowboys,
294,Crest Gaming,CG
293,Team draken,
292,Team ANGE1,
291,Team Ex6TenZ,
290,Team Taimou,
288,Team izak,
287,Team Mixwell,
286,Team Zerator,
285,Nora-Rengo,
283,Sengoku Gaming,SGG
282,SCARZ,SZ
280,LAG Gaming,LAG
279,Absolute JUPITER,JUP
278,DetonatioN Gaming White,DGW
277,Crazy Raccoon,CR
276,BAKEMON,
273,GVNG,
265,RipNTear,RNT
264,Pants Down,PD
263,AVALON Gaming,AG
262,AKIHABARA ENCOUNT,AE
261,Quantum Strikers,QS
259,Destined,DEST
258,Team Yelo,
257,G2 Esports,G2
252,Akademus Esport,AKA
250,Red Hot,
249,Falkol eSports,FKL
246,Cage Triggered,
245,Coquinha 2L,
244,Team Liquid R6,
243,Gamelanders Blue,GLB
242,Max Control,MAX
241,Purple Cobras,PC
240,M4LIK,M4LI
239,Sector One,
238,TRAUMA,
236,i miss her,
235,Trees Money Crew,
234,Full Focus,
232,Team nookyyy,
231,Invaders,
230,roLLed,
229,Orgless Redux,
228,Quick Shots,
227,Sinfvl,
222,2G4L,
220,Intensity,
219,GameAgents,
218,Team Underrated,
217,Shironeko,
216,China Nguyen,CN
214,Way 2 French,
213,Echo 8,
212,303 Esports Orange,
211,together we are terrific,
206,Warthox Esport,WARTHOX
205,DeToNator,DTN
204,CYCLOPS athlete gaming,CAG
203,paiN Gaming,PAIN
202,Team zonixx,
198,DRX Vision Strikers,DRX
197,Rugratz,
196,Oxygen Supremacy,
195,Code7,
194,Seeker Esports,
190,MIXUP,
188,Cloud9,C9
185,Team iaaras2,
184,Team DylanteroLIVE,
183,SunSister Rapid,SS-R
182,Team kennymcc,
181,Team YamatoN,
180,Team Clutch_Fii,
179,Team sabagod2,
177,Team kalera,
176,Team mch,
175,Team BRNWOWZK1,
174,Team Sacy,
172,Team Paula Nobre,
171,Team Zigueira,
170,Team Jordan Fisher,
169,Team bnans,
168,Team Austin Creed,
167,Team Mendo,
166,Team Sh0ts,
165,Team CDNThe3rd,
164,Team fl0m,
163,Team StPeach,
162,Team dizzy,
157,Team Kephrii,
156,Team Aceu,
155,Team Znorux,
154,Team RobertoCein,
153,Team blue_mx,
152,Team mym_alkapone,
151,Team wtcN,
150,Team Sfory,
149,Team PAGO3,
147,Team unlostv,
146,Team Lothar,
142,Team AlpTV,
140,Team Mithrain,
138,Team gamelifeow,
134,Team blackelespanolito,
133,Team Impakt,
130,Team Cyanide,
129,Team Zerator,
128,Team Solaaaa,
126,Team Miss Rage,
125,Team Ryux,
124,Team Valkia,
120,100 Thieves,100T
114,Team gabrielcro,
112,Team ocheon2,
111,Charlotte Phoenix,
110,FishkaVTom,FVT
109,FABRIKEN,
108,forZe,FORZ
107,GODSENT,
106,TSM,TSM
105,Sharp-Clan,
104,REJECT,RC
103,Immortals,IMT
102,KK VALORANT,
101,Paraplegic Buffalos,
100,A$AP,
99,Exceptis,
98,Absolute Legends Blue,ALBLUE
97,AVENUE Esports,
96,PartyParrots,PP
93,Demise,
92,Team Spectralis,SPECTRALIS
90,Ferrari Peek,
89,Begrip Gaming,
88,AERIS,AERI
86,SimpleMinecraftPlayers,
85,Absolute Legends,
84,Clan123,
83,NeverEndingStory,
82,Worst Players,WP
81,Vikingekrig Esports,
80,DREAMCHASERS,
79,Fordon Boars,
78,OldTownRoad,
77,DPE,DPE
76,SuperStars,SUPE
75,AKATSUKI,
74,Washed Players,
73,Uruguay 3,
72,Team Jbzz,
71,Banbind,
70,Moscow 5 Academy,
69,Jacked Gamers,
68,LUJAika,
66,KappaPride,
63,InetGamer,INET
61,L'institut,INST
60,Madness,
59,G.Gang,G.G
57,Obsidian Esports,
56,The Boys,
55,Team Fi,
54,Clover,
53,Resurrection Sickness,
50,need more DM,NMDM
46,BlackBelts,
45,TooGoodForLan,
44,Royals,
43,LEMONn,
42,Valorando,VALO
41,HypHypHyp,
39,9XL,
30,Seal Team 6,
27,Shidiots,SHID
25,fish123,
22,Dire Wolves,DW
21,Prodigy,
20,StartedFromCS,SFCS
19,IDDQD v2,
18,mouseSpaz,
17,Gen.G,GEN
15,Prospects,PROSPECTS
14,T1,T1
13,Team Kurt,
12,Team Sonii,
11,Obey Alliance,
10,Highground,
8,JSD,
7,Dignitas,DIG
6,Orgless,
5,Last Minute Heroes,
4,smoke,
3,Ninjas in Pyjamas,NIP
2,Sentinels,SEN
